run,dataset,preprocessing,backbone,transfer,regime,seed,trainable_params,wall_clock_s,auroc,accuracy,macro_f1,ece
pneumonia_plocal_lora_r10_s0,pneumoniamnist,p_local,resnet50,lora,0.1,0,306178,29.56,0.9586346701731318,0.8653846153846154,0.8458769979887795,0.08331909364996812
pneumoniamnist_p0_ft_r100_s0,pneumoniamnist,p0,resnet50,ft,1.0,0,23512130,120.24,0.9657955292570677,0.8525641025641025,0.8254333150884875,0.11584902134461283
pneumoniamnist_p0_ft_r100_s1,pneumoniamnist,p0,resnet50,ft,1.0,1,23512130,119.38,0.985678281832128,0.9246794871794872,0.9165279165279165,0.058840988251643314
pneumoniamnist_p0_ft_r100_s2,pneumoniamnist,p0,resnet50,ft,1.0,2,23512130,119.17,0.9235152312075389,0.8413461538461539,0.810134402075195,0.1413976896840793
dermamnist_p0_ft_r100_s0,dermamnist,p0,resnet50,ft,1.0,0,23522375,181.12,0.9591783332858362,0.8219451371571073,0.7040056083496455,0.12451850369089561
dermamnist_p0_ft_r100_s1,dermamnist,p0,resnet50,ft,1.0,1,23522375,181.86,0.9552265536470248,0.8129675810473815,0.6668168274287182,0.086421000764257
dermamnist_p0_ft_r100_s2,dermamnist,p0,resnet50,ft,1.0,2,23522375,181.04,0.9644092342415158,0.8354114713216958,0.7142889878372839,0.09805433817040593
